2021-06-15 02:15:00,2064.4,10,46,0,2058.95,1002396,-1.401791044776115
2021-06-15 06:40:36,2064.4,10,46,0,2058.95,1002396,-1.401791044776115
2021-06-15 06:41:15,2064.4,10,0,0,0.0,0,0.0
2021-06-15 06:41:58,2064.4,10,0,0,0.0,0,0.0
2021-06-15 06:42:37,2064.4,10,0,0,0.0,0,0.0
2021-06-15 06:43:21,2064.4,10,0,0,0.0,0,0.0
2021-06-15 07:51:36,2064.4,10,0,0,0.0,0,0.0
2021-06-15 07:52:14,2064.4,10,0,0,0.0,0,0.0
2021-06-15 07:52:56,2064.4,10,0,0,0.0,0,0.0
2021-06-15 07:53:36,2064.4,10,0,0,0.0,0,0.0
2021-06-15 07:54:24,2064.4,10,0,0,0.0,0,0.0
2021-06-15 08:53:16,2064.4,10,0,0,0.0,0,0.0
2021-06-15 08:56:18,2064.4,10,0,0,0.0,0,0.0
2021-06-15 08:59:19,2064.4,10,0,0,0.0,0,0.0
2021-06-15 09:00:00,2064.4,10,66,2,0.0,0,0.0
2021-06-15 09:00:01,2064.4,10,330,290,0.0,14,0.0
2021-06-15 09:00:02,2064.4,10,857,545,0.0,36,0.0
2021-06-15 09:00:03,2064.4,10,1041,631,0.0,37,0.0
2021-06-15 09:00:04,2064.4,10,1618,760,0.0,47,0.0
2021-06-15 09:00:05,2064.4,10,1990,821,0.0,50,0.0
2021-06-15 09:00:06,2064.4,10,2114,1078,0.0,51,0.0
2021-06-15 09:00:07,2064.4,10,2191,1509,0.0,59,0.0
2021-06-15 09:00:08,2064.4,10,2222,1624,0.0,60,0.0
2021-06-15 09:00:09,2064.4,10,2287,1670,0.0,65,0.0
2021-06-15 09:00:10,2064.4,10,2406,2319,0.0,65,0.0
2021-06-15 09:00:11,2064.4,10,2709,3626,0.0,67,0.0
2021-06-15 09:00:12,2064.4,10,2943,3808,0.0,67,0.0
2021-06-15 09:00:13,2064.4,10,3269,4029,0.0,70,0.0
2021-06-15 09:00:14,2064.4,10,3304,4307,0.0,70,0.0
2021-06-15 09:00:15,2064.4,10,3381,4510,0.0,77,0.0
2021-06-15 09:00:16,2064.4,10,3429,4527,0.0,94,0.0
2021-06-15 09:00:17,2064.4,10,3522,4971,0.0,106,0.0
2021-06-15 09:00:18,2064.4,10,3751,5097,0.0,112,0.0
2021-06-15 09:00:19,2064.4,10,3815,5242,0.0,112,0.0
2021-06-15 09:00:20,2064.4,10,3935,5337,0.0,112,0.0
2021-06-15 09:00:21,2064.4,10,4054,5432,0.0,120,0.0
2021-06-15 09:00:22,2064.4,10,4895,5484,0.0,120,0.0
2021-06-15 09:00:23,2064.4,10,4993,5558,0.0,168,0.0
2021-06-15 09:00:24,2064.4,10,5057,5825,0.0,168,0.0
2021-06-15 09:00:25,2064.4,10,5108,5844,0.0,169,0.0
2021-06-15 09:00:26,2064.4,10,5142,5996,0.0,188,0.0
2021-06-15 09:00:27,2064.4,10,5146,6096,0.0,188,0.0
2021-06-15 09:00:28,2064.4,10,5173,6136,0.0,211,0.0
2021-06-15 09:00:29,2064.4,10,5207,6146,0.0,211,0.0
2021-06-15 09:00:31,2064.4,10,5278,6196,0.0,211,0.0
2021-06-15 09:00:31,2064.4,10,5283,6286,0.0,211,0.0
2021-06-15 09:00:32,2064.4,10,5288,6289,0.0,211,0.0
2021-06-15 09:00:33,2064.4,10,5328,6292,0.0,211,0.0
2021-06-15 09:00:34,2064.4,10,5342,6342,0.0,213,0.0
2021-06-15 09:00:35,2064.4,10,5357,6402,0.0,213,0.0
2021-06-15 09:00:36,2064.4,10,5363,6402,0.0,213,0.0
2021-06-15 09:00:37,2064.4,10,5365,6422,0.0,213,0.0
2021-06-15 09:00:38,2064.4,10,5445,6524,0.0,213,0.0
2021-06-15 09:00:39,2064.4,10,5472,6624,0.0,213,0.0
2021-06-15 09:00:40,2064.4,10,5628,6624,0.0,263,0.0
2021-06-15 09:00:42,2064.4,10,5628,6634,0.0,263,0.0
2021-06-15 09:00:42,2064.4,10,5628,6655,0.0,263,0.0
2021-06-15 09:00:43,2064.4,10,5629,6655,0.0,263,0.0
2021-06-15 09:00:44,2064.4,10,5629,6675,0.0,263,0.0
2021-06-15 09:00:45,2064.4,10,5649,6720,0.0,263,0.0
2021-06-15 09:00:46,2064.4,10,5666,6738,0.0,263,0.0
2021-06-15 09:00:47,2064.4,10,5660,6774,0.0,263,0.0
2021-06-15 09:00:48,2064.4,10,5685,6784,0.0,263,0.0
2021-06-15 09:00:49,2064.4,10,5685,6794,0.0,263,0.0
2021-06-15 09:00:50,2064.4,10,5687,6815,0.0,263,0.0
2021-06-15 09:00:51,2064.4,10,5687,6816,0.0,263,0.0
2021-06-15 09:00:52,2064.4,10,5694,6825,0.0,263,0.0
2021-06-15 09:00:53,2064.4,10,5744,6825,0.0,263,0.0
2021-06-15 09:00:54,2064.4,10,5749,6829,0.0,263,0.0
2021-06-15 09:00:55,2064.4,10,5749,6833,0.0,263,0.0
2021-06-15 09:00:55,2064.4,10,5749,6833,0.0,263,0.0
2021-06-15 09:00:57,2064.4,10,5749,6938,0.0,263,0.0
2021-06-15 09:00:58,2064.4,10,5756,6940,0.0,263,0.0
2021-06-15 09:00:58,2064.4,10,5757,7045,0.0,263,0.0
2021-06-15 09:01:00,2064.4,10,5757,7147,0.0,263,0.0
2021-06-15 09:01:01,2064.4,10,5759,7964,0.0,263,0.0
2021-06-15 09:01:02,2064.4,10,5788,7968,0.0,263,0.0
2021-06-15 09:01:03,2064.4,10,5788,8018,0.0,263,0.0
2021-06-15 09:01:04,2064.4,10,5798,8018,0.0,263,0.0
2021-06-15 09:01:05,2064.4,10,5808,8023,0.0,263,0.0
2021-06-15 09:01:06,2064.4,10,5862,8023,0.0,263,0.0
2021-06-15 09:01:07,2064.4,10,5963,8023,0.0,263,0.0
2021-06-15 09:01:08,2064.4,10,5963,8163,0.0,263,0.0
2021-06-15 09:01:09,2064.4,10,6064,8188,0.0,263,0.0
2021-06-15 09:01:10,2064.4,10,6064,8078,0.0,263,0.0
2021-06-15 09:01:10,2064.4,10,6064,8078,0.0,263,0.0
2021-06-15 09:01:12,2064.4,10,6106,8085,0.0,313,0.0
2021-06-15 09:01:13,2064.4,10,6130,8121,0.0,313,0.0
2021-06-15 09:01:13,2064.4,10,6136,8123,0.0,313,0.0
2021-06-15 09:01:15,2064.4,10,6146,8193,0.0,313,0.0
2021-06-15 09:01:16,2064.4,10,6146,8483,0.0,313,0.0
2021-06-15 09:01:17,2064.4,10,6196,9071,0.0,313,0.0
2021-06-15 09:01:18,2064.4,10,6315,9177,0.0,313,0.0
2021-06-15 09:01:19,2064.4,10,6375,9230,0.0,313,0.0
2021-06-15 09:01:20,2064.4,10,6391,9231,0.0,313,0.0
2021-06-15 09:01:21,2064.4,10,6391,9241,0.0,313,0.0
2021-06-15 09:01:22,2064.4,10,6401,9266,0.0,313,0.0
2021-06-15 09:01:23,2064.4,10,6411,9276,0.0,313,0.0
2021-06-15 09:01:24,2064.4,10,6431,9286,0.0,313,0.0
2021-06-15 09:01:25,2064.4,10,6483,9287,0.0,313,0.0
2021-06-15 09:01:25,2064.4,10,6483,9333,0.0,313,0.0
2021-06-15 09:01:27,2064.4,10,6493,9363,0.0,313,0.0
2021-06-15 09:01:28,2064.4,10,6504,10364,0.0,313,0.0
2021-06-15 09:01:29,2064.4,10,6629,11669,0.0,313,0.0
2021-06-15 09:01:30,2064.4,10,6665,11719,0.0,313,0.0
2021-06-15 09:01:32,2064.4,10,6706,11719,0.0,313,0.0
2021-06-15 09:01:33,2064.4,10,6729,11759,0.0,328,0.0
2021-06-15 09:01:34,2064.4,10,6734,11759,0.0,328,0.0
2021-06-15 09:01:36,2064.4,10,6734,11764,0.0,328,0.0
2021-06-15 09:01:36,2064.4,10,6744,11765,0.0,328,0.0
2021-06-15 09:01:37,2064.4,10,6757,11785,0.0,328,0.0
2021-06-15 09:01:38,2064.4,10,6758,11939,0.0,328,0.0
2021-06-15 09:01:40,2064.4,10,6768,11947,0.0,328,0.0
2021-06-15 09:01:41,2064.4,10,6768,12197,0.0,328,0.0
2021-06-15 09:01:42,2064.4,10,6768,12297,0.0,328,0.0
2021-06-15 09:01:43,2064.4,10,6714,12298,0.0,328,0.0
2021-06-15 09:01:44,2064.4,10,6714,12323,0.0,328,0.0
2021-06-15 09:01:45,2064.4,10,6751,12450,0.0,328,0.0
2021-06-15 09:01:46,2064.4,10,6872,12492,0.0,328,0.0
2021-06-15 09:01:48,2064.4,10,7024,12533,0.0,328,0.0
2021-06-15 09:01:48,2064.4,10,7052,13036,0.0,328,0.0
2021-06-15 09:01:49,2064.4,10,7060,13060,0.0,328,0.0
2021-06-15 09:01:50,2064.4,10,7055,13065,0.0,328,0.0
2021-06-15 09:01:51,2064.4,10,7065,13067,0.0,328,0.0
2021-06-15 09:01:52,2064.4,10,7065,13068,0.0,328,0.0
2021-06-15 09:01:53,2064.4,10,7068,13094,0.0,328,0.0
2021-06-15 09:01:54,2064.4,10,7093,13165,0.0,328,0.0
2021-06-15 09:01:55,2064.4,10,7193,13266,0.0,328,0.0
2021-06-15 09:01:56,2064.4,10,7201,13266,0.0,328,0.0
2021-06-15 09:01:57,2064.4,10,7203,13266,0.0,328,0.0
2021-06-15 09:01:58,2064.4,10,7203,13296,0.0,328,0.0
2021-06-15 09:01:59,2064.4,10,7213,13308,0.0,328,0.0
2021-06-15 09:02:00,2064.4,10,7408,13318,0.0,328,0.0
2021-06-15 09:02:01,2064.4,10,7410,13318,0.0,328,0.0
2021-06-15 09:02:03,2064.4,10,7410,13331,0.0,328,0.0
2021-06-15 09:02:03,2064.4,10,7410,13331,0.0,328,0.0
2021-06-15 09:02:04,2064.4,10,7414,13341,0.0,328,0.0
2021-06-15 09:02:05,2064.4,10,7419,13551,0.0,328,0.0
2021-06-15 09:02:07,2064.4,10,7439,13674,0.0,328,0.0
2021-06-15 09:02:08,2064.4,10,7440,13988,0.0,328,0.0
2021-06-15 09:02:09,2064.4,10,7515,13988,0.0,328,0.0
2021-06-15 09:02:10,2064.4,10,7515,14033,0.0,328,0.0
2021-06-15 09:02:11,2064.4,10,7549,14034,0.0,328,0.0
2021-06-15 09:02:12,2064.4,10,7595,14034,0.0,329,0.0
2021-06-15 09:02:13,2064.4,10,7610,14075,0.0,329,0.0
2021-06-15 09:02:14,2064.4,10,7616,14080,0.0,329,0.0
2021-06-15 09:02:15,2064.4,10,7627,14090,0.0,329,0.0
2021-06-15 09:02:17,2064.4,10,7627,14097,0.0,329,0.0
2021-06-15 09:02:18,2064.4,10,7627,14097,0.0,329,0.0
2021-06-15 09:02:19,2064.4,10,7647,14097,0.0,329,0.0
2021-06-15 09:02:20,2064.4,10,7660,14125,0.0,332,0.0
2021-06-15 09:02:21,2064.4,10,7665,14125,0.0,332,0.0
2021-06-15 09:02:22,2064.4,10,7670,14127,0.0,332,0.0
2021-06-15 09:02:23,2064.4,10,7674,14127,0.0,332,0.0
2021-06-15 09:02:24,2064.4,10,7674,14128,0.0,332,0.0
2021-06-15 09:02:25,2064.4,10,7675,14128,0.0,332,0.0
2021-06-15 09:02:26,2064.4,10,7681,14128,0.0,332,0.0
2021-06-15 09:02:27,2064.4,10,7781,14128,0.0,332,0.0
2021-06-15 09:02:28,2064.4,10,7783,14128,0.0,332,0.0
2021-06-15 09:02:29,2064.4,10,7859,14129,0.0,332,0.0
2021-06-15 09:02:30,2064.4,10,7862,14139,0.0,333,0.0
2021-06-15 09:02:31,2064.4,10,7869,14151,0.0,333,0.0
2021-06-15 09:02:32,2064.4,10,7870,14151,0.0,333,0.0
2021-06-15 09:02:33,2064.4,10,7877,14171,0.0,333,0.0
2021-06-15 09:02:34,2064.4,10,7917,14172,0.0,333,0.0
2021-06-15 09:02:35,2064.4,10,7928,14174,0.0,333,0.0
2021-06-15 09:02:36,2064.4,10,8028,14174,0.0,433,0.0
2021-06-15 09:02:37,2064.4,10,8098,14174,0.0,433,0.0
2021-06-15 09:02:38,2064.4,10,8141,14174,0.0,441,0.0
2021-06-15 09:02:39,2064.4,10,8147,14274,0.0,441,0.0
2021-06-15 09:02:40,2064.4,10,8158,14274,0.0,441,0.0
2021-06-15 09:02:41,2064.4,10,8163,14279,0.0,441,0.0
2021-06-15 09:02:42,2064.4,10,8176,14279,0.0,441,0.0
2021-06-15 09:02:43,2064.4,10,8186,14279,0.0,441,0.0
2021-06-15 09:02:45,2064.4,10,8187,14284,0.0,441,0.0
2021-06-15 09:02:45,2064.4,10,8188,14284,0.0,441,0.0
2021-06-15 09:02:46,2064.4,10,8191,14294,0.0,441,0.0
2021-06-15 09:02:48,2064.4,10,8162,14295,0.0,441,0.0
2021-06-15 09:02:48,2064.4,10,8162,14301,0.0,441,0.0
2021-06-15 09:02:49,2064.4,10,8168,14404,0.0,441,0.0
2021-06-15 09:02:50,2064.4,10,8219,14404,0.0,441,0.0
2021-06-15 09:02:51,2064.4,10,8325,14544,0.0,441,0.0
2021-06-15 09:02:52,2064.4,10,8345,14544,0.0,441,0.0
2021-06-15 09:02:53,2064.4,10,8345,14695,0.0,441,0.0
2021-06-15 09:02:54,2064.4,10,8348,14701,0.0,441,0.0
2021-06-15 09:02:55,2064.4,10,8360,14701,0.0,441,0.0
2021-06-15 09:02:56,2064.4,10,8375,14701,0.0,441,0.0
2021-06-15 09:02:57,2064.4,10,8385,14709,0.0,441,0.0
2021-06-15 09:02:58,2064.4,10,8395,14709,0.0,441,0.0
2021-06-15 09:02:59,2064.4,10,8395,14734,0.0,441,0.0
2021-06-15 09:03:00,2064.4,10,8395,14735,0.0,441,0.0
2021-06-15 09:03:01,2064.4,10,8414,14767,0.0,441,0.0
2021-06-15 09:03:02,2064.4,10,8418,14768,0.0,441,0.0
2021-06-15 09:03:03,2064.4,10,8424,14773,0.0,441,0.0
2021-06-15 09:03:04,2064.4,10,8434,22278,0.0,441,0.0
2021-06-15 09:03:05,2064.4,10,8492,22298,0.0,441,0.0
2021-06-15 09:03:06,2064.4,10,8587,22306,0.0,441,0.0
2021-06-15 09:03:07,2064.4,10,8603,22318,0.0,442,0.0
2021-06-15 09:03:08,2064.4,10,8608,22446,0.0,442,0.0
2021-06-15 09:03:09,2064.4,10,8629,22466,0.0,442,0.0
2021-06-15 09:03:10,2064.4,10,8729,22489,0.0,442,0.0
2021-06-15 09:03:11,2064.4,10,8804,22499,0.0,442,0.0
2021-06-15 09:03:12,2064.4,10,8904,22253,0.0,442,0.0
2021-06-15 09:03:13,2064.4,10,8917,22264,0.0,442,0.0
2021-06-15 09:03:14,2064.4,10,8917,22264,0.0,442,0.0
2021-06-15 09:03:15,2064.4,10,8918,22370,0.0,442,0.0
2021-06-15 09:03:16,2064.4,10,8919,22373,0.0,442,0.0
2021-06-15 09:03:17,2064.4,10,8929,22373,0.0,442,0.0
2021-06-15 09:03:18,2064.4,10,9008,22427,0.0,442,0.0
2021-06-15 09:03:19,2064.4,10,9021,22504,0.0,442,0.0
2021-06-15 09:03:20,2064.4,10,9036,22504,0.0,442,0.0
2021-06-15 09:03:21,2064.4,10,9138,22506,0.0,442,0.0
2021-06-15 09:03:22,2064.4,10,9143,22509,0.0,442,0.0
2021-06-15 09:03:23,2064.4,10,9168,22516,0.0,442,0.0
2021-06-15 09:03:24,2064.4,10,9208,22516,0.0,442,0.0
2021-06-15 09:03:25,2064.4,10,9208,22566,0.0,442,0.0
2021-06-15 09:03:26,2064.4,10,9243,22587,0.0,442,0.0
2021-06-15 09:03:27,2064.4,10,9249,22797,0.0,442,0.0
2021-06-15 09:03:28,2064.4,10,9265,22897,0.0,442,0.0
2021-06-15 09:03:29,2064.4,10,9265,22897,0.0,442,0.0
2021-06-15 09:03:30,2064.4,10,9265,22897,0.0,442,0.0
2021-06-15 09:03:31,2064.4,10,9265,22927,0.0,442,0.0
2021-06-15 09:03:33,2064.4,10,9275,22927,0.0,442,0.0
2021-06-15 09:03:34,2064.4,10,9288,22927,0.0,442,0.0
2021-06-15 09:03:36,2064.4,10,9297,22927,0.0,442,0.0
2021-06-15 09:03:36,2064.4,10,9311,22937,0.0,442,0.0
2021-06-15 09:03:37,2064.4,10,9311,22937,0.0,442,0.0
2021-06-15 09:03:39,2064.4,10,9335,22947,0.0,442,0.0
2021-06-15 09:03:39,2064.4,10,9435,22962,0.0,442,0.0
2021-06-15 09:03:40,2064.4,10,9450,22962,0.0,442,0.0
2021-06-15 09:03:42,2064.4,10,9453,23462,0.0,538,0.0
2021-06-15 09:03:42,2064.4,10,9479,23764,0.0,538,0.0
2021-06-15 09:03:43,2064.4,10,9593,23814,0.0,538,0.0
2021-06-15 09:03:45,2064.4,10,9606,23840,0.0,614,0.0
2021-06-15 09:03:46,2064.4,10,9608,23882,0.0,614,0.0
2021-06-15 09:03:46,2064.4,10,9608,23903,0.0,614,0.0
2021-06-15 09:03:48,2064.4,10,9629,24103,0.0,614,0.0
2021-06-15 09:03:48,2064.4,10,9649,24108,0.0,614,0.0
2021-06-15 09:03:49,2064.4,10,9651,24133,0.0,614,0.0
2021-06-15 09:03:50,2064.4,10,9655,24168,0.0,614,0.0
2021-06-15 09:03:51,2064.4,10,9661,24363,0.0,614,0.0
2021-06-15 09:03:52,2064.4,10,9666,24423,0.0,614,0.0
2021-06-15 09:03:54,2064.4,10,9667,24448,0.0,614,0.0
2021-06-15 09:03:55,2064.4,10,9677,24530,0.0,614,0.0
2021-06-15 09:03:54,2064.4,10,9667,24455,0.0,614,0.0
2021-06-15 09:03:56,2064.4,10,9742,24530,0.0,614,0.0
