2021-06-16 09:21:13,S,1775.1,2,786
2021-06-16 09:21:13,S,1775.15,1,328
2021-06-16 09:21:13,S,1775.2,1,42
2021-06-16 09:21:13,S,1775.25,1,41
2021-06-16 09:21:13,S,1775.3,4,934
2021-06-16 09:21:13,S,1774.55,3,156
2021-06-16 09:21:13,S,1774.3,2,102
2021-06-16 09:21:13,S,1774.25,1,100
2021-06-16 09:21:13,S,1774.15,2,11
2021-06-16 09:21:13,S,1774.05,2,43
2021-06-16 09:21:13,S,1775.0,1,400
2021-06-16 09:21:13,S,1775.1,2,786
2021-06-16 09:21:13,S,1775.15,1,328
2021-06-16 09:21:13,S,1775.2,1,42
2021-06-16 09:21:13,S,1775.25,1,41
2021-06-16 09:21:13,S,1774.55,4,203
2021-06-16 09:21:13,S,1774.5,1,14
2021-06-16 09:21:13,S,1774.3,2,102
2021-06-16 09:21:13,S,1774.25,1,100
2021-06-16 09:21:13,S,1774.15,2,11
2021-06-16 09:21:14,S,1774.95,1,60
2021-06-16 09:21:14,S,1775.0,1,390
2021-06-16 09:21:14,S,1775.05,1,400
2021-06-16 09:21:14,S,1775.1,2,727
2021-06-16 09:21:14,S,1775.2,1,42
2021-06-16 09:21:14,S,1774.55,1,47
2021-06-16 09:21:14,S,1774.5,1,14
2021-06-16 09:21:14,S,1774.3,1,5
2021-06-16 09:21:14,S,1774.25,2,116
2021-06-16 09:21:14,S,1774.15,2,11
2021-06-16 09:21:15,S,1774.95,1,82
2021-06-16 09:21:15,S,1775.0,1,390
2021-06-16 09:21:15,S,1775.05,1,400
2021-06-16 09:21:15,S,1775.1,2,727
2021-06-16 09:21:15,S,1775.2,1,42
2021-06-16 09:21:15,S,1774.55,3,140
2021-06-16 09:21:15,S,1774.5,1,14
2021-06-16 09:21:15,S,1774.3,1,5
2021-06-16 09:21:15,S,1774.25,2,116
2021-06-16 09:21:15,S,1774.15,2,11
2021-06-16 09:21:15,S,1774.95,1,82
2021-06-16 09:21:15,S,1775.0,1,390
2021-06-16 09:21:15,S,1775.05,1,400
2021-06-16 09:21:15,S,1775.1,2,727
2021-06-16 09:21:15,S,1775.2,1,42
2021-06-16 09:21:15,S,1774.55,3,140
2021-06-16 09:21:15,S,1774.5,1,14
2021-06-16 09:21:15,S,1774.3,1,5
2021-06-16 09:21:15,S,1774.25,2,116
2021-06-16 09:21:15,S,1774.15,2,11
2021-06-16 09:21:16,S,1774.95,1,81
2021-06-16 09:21:16,S,1775.0,1,390
2021-06-16 09:21:16,S,1775.05,1,400
2021-06-16 09:21:16,S,1775.1,2,727
2021-06-16 09:21:16,S,1775.2,1,42
2021-06-16 09:21:16,S,1774.55,3,140
2021-06-16 09:21:16,S,1774.5,1,14
2021-06-16 09:21:16,S,1774.3,1,5
2021-06-16 09:21:16,S,1774.25,2,116
2021-06-16 09:21:16,S,1774.15,2,11
2021-06-16 09:21:16,S,1774.95,1,81
2021-06-16 09:21:16,S,1775.0,1,390
2021-06-16 09:21:16,S,1775.05,1,400
2021-06-16 09:21:16,S,1775.1,2,727
2021-06-16 09:21:16,S,1775.2,1,42
2021-06-16 09:21:16,S,1774.55,3,140
2021-06-16 09:21:16,S,1774.5,1,14
2021-06-16 09:21:16,S,1774.3,1,5
2021-06-16 09:21:16,S,1774.25,2,116
2021-06-16 09:21:16,S,1774.15,2,11
2021-06-16 09:21:17,S,1775.0,1,321
2021-06-16 09:21:17,S,1775.1,2,799
2021-06-16 09:21:17,S,1775.15,2,333
2021-06-16 09:21:17,S,1775.2,1,42
2021-06-16 09:21:17,S,1775.25,1,41
2021-06-16 09:21:17,S,1774.55,1,40
2021-06-16 09:21:17,S,1774.15,2,35
2021-06-16 09:21:17,S,1774.1,1,18
2021-06-16 09:21:17,S,1774.05,2,115
2021-06-16 09:21:17,S,1774.0,5,130
2021-06-16 09:21:18,S,1775.0,1,101
2021-06-16 09:21:18,S,1775.1,2,799
2021-06-16 09:21:18,S,1775.15,2,333
2021-06-16 09:21:18,S,1775.2,1,42
2021-06-16 09:21:18,S,1775.25,1,41
2021-06-16 09:21:18,S,1774.55,2,105
2021-06-16 09:21:18,S,1774.15,2,35
2021-06-16 09:21:18,S,1774.1,1,18
2021-06-16 09:21:18,S,1774.05,2,115
2021-06-16 09:21:18,S,1774.0,8,347
2021-06-16 09:21:19,S,1774.95,1,29
2021-06-16 09:21:19,S,1775.0,1,101
2021-06-16 09:21:19,S,1775.1,2,799
2021-06-16 09:21:19,S,1775.15,2,333
2021-06-16 09:21:19,S,1775.25,1,41
2021-06-16 09:21:19,S,1774.55,4,145
2021-06-16 09:21:19,S,1774.15,2,35
2021-06-16 09:21:19,S,1774.1,1,18
2021-06-16 09:21:19,S,1774.05,2,115
2021-06-16 09:21:19,S,1774.0,7,220
2021-06-16 09:21:20,S,1774.95,2,61
2021-06-16 09:21:20,S,1775.0,1,101
2021-06-16 09:21:20,S,1775.05,2,799
2021-06-16 09:21:20,S,1775.1,1,328
2021-06-16 09:21:20,S,1775.2,2,83
2021-06-16 09:21:20,S,1774.55,6,173
2021-06-16 09:21:20,S,1774.15,2,35
2021-06-16 09:21:20,S,1774.1,1,18
2021-06-16 09:21:20,S,1774.05,2,115
2021-06-16 09:21:20,S,1774.0,8,409
